1,Luxusezhucae Pemoshaedili ZHiqyfotofe,Luxusezhucae.Pemoshaedili@gmail.com,+7 (830) 326-30-47
2,Fytivaenula Lyvagabyty Sowupi,Fytivaenula.Lyvagabyty@mail.ru,+7 (452) 566-68-31
3,Piwajae Vygaezhuna Kobyki,Piwajae.Vygaezhuna@yandex.ru,+7 (639) 697-81-10
4,Punicavaru Talove Caqaha,Punicavaru.Talove@yandex.ru,+7 (969) 133-52-89
5,Wolinidae Ruqanuty Nabotytae,Wolinidae.Ruqanuty@yandex.ru,+7 (170) 203-23-59
6,Hidokuga Nyrozhe Duqimae,Hidokuga.Nyrozhe@gmail.com,+7 (857) 289-71-22
7,Tisokuny Pyfaemyvae Raedowokaeco,Tisokuny.Pyfaemyvae@mail.ru,+7 (773) 201-31-28
8,Paexalaly Qagotu Qacarude,Paexalaly.Qagotu@mail.ru,+7 (929) 511-82-48
9,Caepufae Guhishine Qunomu,Caepufae.Guhishine@mail.ru,+7 (327) 861-23-61
10,Haegivati Luvetu Pashanoshae,Haegivati.Luvetu@mail.ru,+7 (423) 592-37-34
11,Paepyti Raesadypae Piwajyzhypa,Paepyti.Raesadypae@mail.ru,+7 (993) 136-20-45
12,Kibevinu Kapuko Holisytoqa,Kibevinu.Kapuko@mail.ru,+7 (221) 673-59-15
13,Lalizhaese Gytacae Nolicufe,Lalizhaese.Gytacae@gmail.com,+7 (533) 165-44-45
14,Cykiro Divofymolo Pinirukuca,Cykiro.Divofymolo@yandex.ru,+7 (441) 225-37-84
15,Daerysotoshi Ledewijy Vubuke,Daerysotoshi.Ledewijy@mail.ru,+7 (510) 114-24-34
16,Kaenaelema SHujylesheshi Faezhujaemugy,Kaenaelema.SHujylesheshi@gmail.com,+7 (552) 739-92-27
17,Qobaelaecubae Gulyrae Haezhozha,Qobaelaecubae.Gulyrae@mail.ru,+7 (686) 664-38-62
18,Lytunozha Syxuqa Syqaso,Lytunozha.Syxuqa@mail.ru,+7 (308) 568-86-79
19,Qacibae Devedo Heloshi,Qacibae.Devedo@gmail.com,+7 (354) 544-14-23
20,Velaesae Kavozhy SHaelufa,Velaesae.Kavozhy@mail.ru,+7 (667) 568-21-35
21,Lilutiqushi Waerecofaeti Vosaleshae,Lilutiqushi.Waerecofaeti@yandex.ru,+7 (838) 247-42-74
22,Kudyge Mozhiwivo Nyvazhime,Kudyge.Mozhiwivo@gmail.com,+7 (547) 438-98-42
23,Pixihyva Logolae Betasha,Pixihyva.Logolae@mail.ru,+7 (207) 851-37-74
24,Gedaeve SHaxicujo Nelymyleku,Gedaeve.SHaxicujo@mail.ru,+7 (174) 119-65-87
25,Wyponaela Caekufuli Woraesy,Wyponaela.Caekufuli@gmail.com,+7 (579) 112-51-34
26,Xolapaejuba Lejehevobi Tehaetae,Xolapaejuba.Lejehevobi@gmail.com,+7 (935) 993-64-12
27,ZHosizhaexu Sugaekaelo Qaejore,ZHosizhaexu.Sugaekaelo@mail.ru,+7 (699) 329-35-29
28,Fahacasata Pogyfiva Diwiso,Fahacasata.Pogyfiva@yandex.ru,+7 (987) 530-92-62
29,Tolupae Lipaevogy Taecaxoqehae,Tolupae.Lipaevogy@mail.ru,+7 (176) 891-22-83
30,Gadihaqae Guzhimegoja Dyqaeqali,Gadihaqae.Guzhimegoja@mail.ru,+7 (564) 676-36-66
31,Tymahae Tawacae Cylycy,Tymahae.Tawacae@gmail.com,+7 (348) 665-26-30
32,Gulalu Cypyfaxo Vumuvu,Gulalu.Cypyfaxo@gmail.com,+7 (799) 336-72-57
33,Laraemo Kylisomyme Waemaepycewa,Laraemo.Kylisomyme@yandex.ru,+7 (156) 112-38-25
34,SHivoraesyho ZHokaecodekae ZHunaecelu,SHivoraesyho.ZHokaecodekae@mail.ru,+7 (281) 599-42-35
35,Xidygake Sehuvyta Punanaxy,Xidygake.Sehuvyta@yandex.ru,+7 (828) 921-57-67
36,Nulexonu Coxaelu Jegede,Nulexonu.Coxaelu@mail.ru,+7 (493) 567-41-34
37,Gyjaetufabi Viviwele ZHufijapu,Gyjaetufabi.Viviwele@yandex.ru,+7 (125) 447-74-69
38,Wuxuraesi Lyqaesi Lyshaqo,Wuxuraesi.Lyqaesi@gmail.com,+7 (485) 165-90-23
39,Terify Panaheso Paebukabyni,Terify.Panaheso@mail.ru,+7 (250) 354-81-34
40,Tisejamecy Nepofe Bycirofe,Tisejamecy.Nepofe@mail.ru,+7 (494) 501-38-62
41,SHygyla Tonujymy Sotuci,SHygyla.Tonujymy@gmail.com,+7 (418) 925-91-39
42,Vaesufa Simofy Ryzhaxaega,Vaesufa.Simofy@yandex.ru,+7 (343) 668-65-90
43,Jybalewu Sufaewiqaeno Jutypusae,Jybalewu.Sufaewiqaeno@gmail.com,+7 (831) 341-93-65
44,Lilagaepo Paelixi Xekalaxa,Lilagaepo.Paelixi@mail.ru,+7 (639) 514-12-47
45,Walimodeqa Guqefaejeshe Letoguso,Walimodeqa.Guqefaejeshe@yandex.ru,+7 (766) 272-52-72
46,Fobewae Bexulaepu Tyhaxoladi,Fobewae.Bexulaepu@gmail.com,+7 (721) 692-53-25
47,Vuvaqo Wugunolo Gaeshiwuwalo,Vuvaqo.Wugunolo@yandex.ru,+7 (479) 193-84-47
48,Hezhagu Rafikyle ZHirynebae,Hezhagu.Rafikyle@yandex.ru,+7 (479) 482-79-95
49,Jaeheva Faesudu Xaeruja,Jaeheva.Faesudu@mail.ru,+7 (699) 257-21-47
50,Fenaevae Hitikyba Lesapaeha,Fenaevae.Hitikyba@yandex.ru,+7 (880) 482-88-69
51,ZHadysy Kucymae Kaenoto,ZHadysy.Kucymae@gmail.com,+7 (947) 444-79-28
52,Rapitatega Tuzhupe Botaeshuzhuwe,Rapitatega.Tuzhupe@mail.ru,+7 (138) 123-91-92
53,SHebumijizhi Kofysy Jezhicy,SHebumijizhi.Kofysy@yandex.ru,+7 (851) 429-37-78
54,Toropilypu Dyjohy Qaewonubo,Toropilypu.Dyjohy@mail.ru,+7 (182) 737-59-36
55,Togyxetesa Lawaesae Qeqeraedeby,Togyxetesa.Lawaesae@yandex.ru,+7 (925) 112-88-62
56,Wulysezhu Qamufeqa Vuhyshy,Wulysezhu.Qamufeqa@yandex.ru,+7 (657) 299-58-51
57,Gepapitae SHovineshe Wumenawu,Gepapitae.SHovineshe@gmail.com,+7 (173) 623-86-30
58,Qeleka SHiquzhaga Qypaeso,Qeleka.SHiquzhaga@yandex.ru,+7 (277) 228-21-71
59,Tyveboko Jyshyjada Fononu,Tyveboko.Jyshyjada@yandex.ru,+7 (318) 742-27-12
60,Kaelocy Laemegiri Maetycakysa,Kaelocy.Laemegiri@yandex.ru,+7 (459) 948-48-87
61,Daetopipae Suqacae Ricarezho,Daetopipae.Suqacae@yandex.ru,+7 (825) 309-36-61
62,Soradae Roryfy Kyvabiboly,Soradae.Roryfy@mail.ru,+7 (611) 939-71-96
63,Qikalenae Dewohufiwi Tulydywae,Qikalenae.Dewohufiwi@mail.ru,+7 (971) 367-88-32
64,Paelaecy Majixepy Lizhishibae,Paelaecy.Majixepy@mail.ru,+7 (998) 596-64-84
65,Lahacazhi Cocaepaetapu ZHabapa,Lahacazhi.Cocaepaetapu@mail.ru,+7 (923) 586-16-71
66,Jiqaepe Ruzhuce Munyli,Jiqaepe.Ruzhuce@gmail.com,+7 (333) 454-10-28
67,SHaelyshidu Kasogu Cegojyto,SHaelyshidu.Kasogu@mail.ru,+7 (558) 873-60-78
68,Fygyxu Pazhaqaetaepy Daetelaexywy,Fygyxu.Pazhaqaetaepy@yandex.ru,+7 (892) 893-46-96
69,Moduzhulo Pijofygaxu Nimura,Moduzhulo.Pijofygaxu@mail.ru,+7 (417) 912-69-47
70,Poxidushi Nogiqae Noshite,Poxidushi.Nogiqae@gmail.com,+7 (141) 513-19-93
71,Givowute Taewaecefy Gaqalae,Givowute.Taewaecefy@mail.ru,+7 (760) 889-95-23
72,Piteci Lalujurevae Laehalo,Piteci.Lalujurevae@mail.ru,+7 (745) 185-90-34
73,Qaerazhu Baelyby Milezhoshe,Qaerazhu.Baelyby@mail.ru,+7 (493) 451-97-42
74,Hodifiqy Medishoho Laexiwozhy,Hodifiqy.Medishoho@gmail.com,+7 (677) 645-22-43
75,ZHeshixi Bopidoshu Cashuty,ZHeshixi.Bopidoshu@mail.ru,+7 (417) 342-77-32
76,Xatohi Padyduzhasi Liqudaepeto,Xatohi.Padyduzhasi@gmail.com,+7 (992) 655-48-60
77,Wiwufae Rajohy Jitito,Wiwufae.Rajohy@gmail.com,+7 (421) 991-75-78
78,Jiqepo Madogosurae Wypelu,Jiqepo.Madogosurae@yandex.ru,+7 (438) 858-92-51
79,Cejupane Gameqipaqu Jafopedishi,Cejupane.Gameqipaqu@yandex.ru,+7 (123) 428-40-10
80,Kohasyhu Vilohatae Toqoma,Kohasyhu.Vilohatae@yandex.ru,+7 (421) 817-29-36
81,Jejuheno Xugehe Faequby,Jejuheno.Xugehe@mail.ru,+7 (164) 755-42-34
82,Rebekexuqi Haevowizhae Nawataete,Rebekexuqi.Haevowizhae@gmail.com,+7 (622) 344-59-14
83,Qyhife Muvuhysa Bizhopaesaeve,Qyhife.Muvuhysa@gmail.com,+7 (820) 687-77-65
84,Xekatixo Laecesihu Jytohe,Xekatixo.Laecesihu@mail.ru,+7 (941) 630-17-16
85,Kaxosaca Xyfuhycae Pupocalege,Kaxosaca.Xyfuhycae@yandex.ru,+7 (900) 780-98-50
86,Rubupuve Wewiwaeli Fugutyfe,Rubupuve.Wewiwaeli@gmail.com,+7 (375) 938-62-95
87,Falewy SHapesho Liraele,Falewy.SHapesho@mail.ru,+7 (775) 753-29-93
88,Nimedishohy SHajusy Seshihihu,Nimedishohy.SHajusy@yandex.ru,+7 (590) 308-98-64
89,Redocu Vuliqy Haenuqa,Redocu.Vuliqy@gmail.com,+7 (234) 494-26-57
90,Cobequxofe Fejasha Tozhowahemae,Cobequxofe.Fejasha@yandex.ru,+7 (345) 233-61-27
91,Naeqysexe Fufonaewahu Guzharohodo,Naeqysexe.Fufonaewahu@yandex.ru,+7 (445) 821-33-14
92,Waewufylaelo ZHakime ZHyqopa,Waewufylaelo.ZHakime@yandex.ru,+7 (466) 323-66-85
93,Jukytudo Gihahajeqa Ruvaco,Jukytudo.Gihahajeqa@yandex.ru,+7 (836) 417-78-11
94,Fosaeki Weluqixo Finaehihu,Fosaeki.Weluqixo@mail.ru,+7 (646) 681-46-52
95,Leneku Balanaesa Hoxamefa,Leneku.Balanaesa@gmail.com,+7 (668) 551-20-96
96,SHaetagalefe Ficabelyxae Laelagaefae,SHaetagalefe.Ficabelyxae@yandex.ru,+7 (865) 928-75-33
97,Bemaete Hogaxewo Pupaelaenigo,Bemaete.Hogaxewo@yandex.ru,+7 (232) 363-32-53
98,Devesicaegae Celykamy Maeshefe,Devesicaegae.Celykamy@yandex.ru,+7 (219) 749-21-79
99,Gesitiheju Pojaefiwyxi Rehojasu,Gesitiheju.Pojaefiwyxi@gmail.com,+7 (984) 338-44-12
100,Xetelorera Qoqyjy Decoro,Xetelorera.Qoqyjy@yandex.ru,+7 (496) 314-32-15
